,case,ac_mode,region,operation_mode,TS,ua_value,eta_a_value,ua_flg,etaa_flg
0,0,C,6.0,全館連続,1.0,0.4,0.002,True,False
1,1,C,6.0,全館連続,1.0,0.4,0.004,True,True
2,2,C,6.0,全館連続,1.0,0.4,0.006000000000000001,True,True
3,3,C,6.0,全館連続,1.0,0.4,0.008,True,True
4,4,C,6.0,全館連続,1.0,0.4,0.01,True,True
5,5,C,6.0,全館連続,1.0,0.4,0.012,True,True
6,6,C,6.0,全館連続,1.0,0.4,0.014000000000000002,True,True
7,7,C,6.0,全館連続,1.0,0.4,0.016,True,True
8,8,C,6.0,全館連続,1.0,0.4,0.018000000000000002,True,True
9,9,C,6.0,全館連続,1.0,0.4,0.02,True,True
10,10,C,6.0,全館連続,1.0,0.4,0.022000000000000002,True,True
11,11,C,6.0,全館連続,1.0,0.4,0.024000000000000004,True,True
12,12,C,6.0,全館連続,1.0,0.4,0.026000000000000006,True,True
13,13,C,6.0,全館連続,1.0,0.4,0.028000000000000004,True,True
14,14,C,6.0,全館連続,1.0,0.4,0.030000000000000006,True,True
15,15,C,6.0,全館連続,1.0,0.4,0.032,True,True
16,16,C,6.0,全館連続,1.0,0.4,0.034,True,True
17,17,C,6.0,全館連続,1.0,0.4,0.036000000000000004,True,True
18,18,C,6.0,全館連続,1.0,0.4,0.038000000000000006,True,True
19,19,C,6.0,全館連続,1.0,0.4,0.04,True,True
20,20,C,6.0,全館連続,1.0,0.4,0.042,True,True
21,21,C,6.0,全館連続,1.0,0.4,0.044000000000000004,True,True
22,22,C,6.0,全館連続,1.0,0.4,0.046000000000000006,True,True
23,23,C,6.0,全館連続,1.0,0.4,0.04800000000000001,True,True
24,24,C,6.0,全館連続,1.0,0.5,0.002,True,False
25,25,C,6.0,全館連続,1.0,0.5,0.004,True,True
26,26,C,6.0,全館連続,1.0,0.5,0.006000000000000001,True,True
27,27,C,6.0,全館連続,1.0,0.5,0.008,True,True
28,28,C,6.0,全館連続,1.0,0.5,0.01,True,True
29,29,C,6.0,全館連続,1.0,0.5,0.012,True,True
30,30,C,6.0,全館連続,1.0,0.5,0.014000000000000002,True,True
31,31,C,6.0,全館連続,1.0,0.5,0.016,True,True
32,32,C,6.0,全館連続,1.0,0.5,0.018000000000000002,True,True
33,33,C,6.0,全館連続,1.0,0.5,0.02,True,True
34,34,C,6.0,全館連続,1.0,0.5,0.022000000000000002,True,True
35,35,C,6.0,全館連続,1.0,0.5,0.024000000000000004,True,True
36,36,C,6.0,全館連続,1.0,0.5,0.026000000000000006,True,True
37,37,C,6.0,全館連続,1.0,0.5,0.028000000000000004,True,True
38,38,C,6.0,全館連続,1.0,0.5,0.030000000000000006,True,True
39,39,C,6.0,全館連続,1.0,0.5,0.032,True,True
40,40,C,6.0,全館連続,1.0,0.5,0.034,True,True
41,41,C,6.0,全館連続,1.0,0.5,0.036000000000000004,True,True
42,42,C,6.0,全館連続,1.0,0.5,0.038000000000000006,True,True
43,43,C,6.0,全館連続,1.0,0.5,0.04,True,True
44,44,C,6.0,全館連続,1.0,0.5,0.042,True,True
45,45,C,6.0,全館連続,1.0,0.5,0.044000000000000004,True,True
46,46,C,6.0,全館連続,1.0,0.5,0.046000000000000006,True,True
47,47,C,6.0,全館連続,1.0,0.5,0.04800000000000001,True,True
48,48,C,6.0,全館連続,1.0,0.6,0.002,True,False
49,49,C,6.0,全館連続,1.0,0.6,0.004,True,False
50,50,C,6.0,全館連続,1.0,0.6,0.006000000000000001,True,True
51,51,C,6.0,全館連続,1.0,0.6,0.008,True,True
52,52,C,6.0,全館連続,1.0,0.6,0.01,True,True
53,53,C,6.0,全館連続,1.0,0.6,0.012,True,True
54,54,C,6.0,全館連続,1.0,0.6,0.014000000000000002,True,True
55,55,C,6.0,全館連続,1.0,0.6,0.016,True,True
56,56,C,6.0,全館連続,1.0,0.6,0.018000000000000002,True,True
57,57,C,6.0,全館連続,1.0,0.6,0.02,True,True
58,58,C,6.0,全館連続,1.0,0.6,0.022000000000000002,True,True
59,59,C,6.0,全館連続,1.0,0.6,0.024000000000000004,True,True
60,60,C,6.0,全館連続,1.0,0.6,0.026000000000000006,True,True
61,61,C,6.0,全館連続,1.0,0.6,0.028000000000000004,True,True
62,62,C,6.0,全館連続,1.0,0.6,0.030000000000000006,True,True
63,63,C,6.0,全館連続,1.0,0.6,0.032,True,True
64,64,C,6.0,全館連続,1.0,0.6,0.034,True,True
65,65,C,6.0,全館連続,1.0,0.6,0.036000000000000004,True,True
66,66,C,6.0,全館連続,1.0,0.6,0.038000000000000006,True,True
67,67,C,6.0,全館連続,1.0,0.6,0.04,True,True
68,68,C,6.0,全館連続,1.0,0.6,0.042,True,True
69,69,C,6.0,全館連続,1.0,0.6,0.044000000000000004,True,True
70,70,C,6.0,全館連続,1.0,0.6,0.046000000000000006,True,True
71,71,C,6.0,全館連続,1.0,0.6,0.04800000000000001,True,True
72,72,C,6.0,全館連続,1.0,0.7,0.002,True,False
73,73,C,6.0,全館連続,1.0,0.7,0.004,True,False
74,74,C,6.0,全館連続,1.0,0.7,0.006000000000000001,True,True
75,75,C,6.0,全館連続,1.0,0.7,0.008,True,True
76,76,C,6.0,全館連続,1.0,0.7,0.01,True,True
77,77,C,6.0,全館連続,1.0,0.7,0.012,True,True
78,78,C,6.0,全館連続,1.0,0.7,0.014000000000000002,True,True
79,79,C,6.0,全館連続,1.0,0.7,0.016,True,True
80,80,C,6.0,全館連続,1.0,0.7,0.018000000000000002,True,True
81,81,C,6.0,全館連続,1.0,0.7,0.02,True,True
82,82,C,6.0,全館連続,1.0,0.7,0.022000000000000002,True,True
83,83,C,6.0,全館連続,1.0,0.7,0.024000000000000004,True,True
84,84,C,6.0,全館連続,1.0,0.7,0.026000000000000006,True,True
85,85,C,6.0,全館連続,1.0,0.7,0.028000000000000004,True,True
86,86,C,6.0,全館連続,1.0,0.7,0.030000000000000006,True,True
87,87,C,6.0,全館連続,1.0,0.7,0.032,True,True
88,88,C,6.0,全館連続,1.0,0.7,0.034,True,True
89,89,C,6.0,全館連続,1.0,0.7,0.036000000000000004,True,True
90,90,C,6.0,全館連続,1.0,0.7,0.038000000000000006,True,True
91,91,C,6.0,全館連続,1.0,0.7,0.04,True,True
92,92,C,6.0,全館連続,1.0,0.7,0.042,True,True
93,93,C,6.0,全館連続,1.0,0.7,0.044000000000000004,True,True
94,94,C,6.0,全館連続,1.0,0.7,0.046000000000000006,True,True
95,95,C,6.0,全館連続,1.0,0.7,0.04800000000000001,True,True
96,96,C,6.0,全館連続,1.0,0.7999999999999999,0.002,True,False
97,97,C,6.0,全館連続,1.0,0.7999999999999999,0.004,True,False
98,98,C,6.0,全館連続,1.0,0.7999999999999999,0.006000000000000001,True,True
99,99,C,6.0,全館連続,1.0,0.7999999999999999,0.008,True,True
100,100,C,6.0,全館連続,1.0,0.7999999999999999,0.01,True,True
101,101,C,6.0,全館連続,1.0,0.7999999999999999,0.012,True,True
102,102,C,6.0,全館連続,1.0,0.7999999999999999,0.014000000000000002,True,True
103,103,C,6.0,全館連続,1.0,0.7999999999999999,0.016,True,True
104,104,C,6.0,全館連続,1.0,0.7999999999999999,0.018000000000000002,True,True
105,105,C,6.0,全館連続,1.0,0.7999999999999999,0.02,True,True
106,106,C,6.0,全館連続,1.0,0.7999999999999999,0.022000000000000002,True,True
107,107,C,6.0,全館連続,1.0,0.7999999999999999,0.024000000000000004,True,True
108,108,C,6.0,全館連続,1.0,0.7999999999999999,0.026000000000000006,True,True
109,109,C,6.0,全館連続,1.0,0.7999999999999999,0.028000000000000004,True,True
110,110,C,6.0,全館連続,1.0,0.7999999999999999,0.030000000000000006,True,True
111,111,C,6.0,全館連続,1.0,0.7999999999999999,0.032,True,True
112,112,C,6.0,全館連続,1.0,0.7999999999999999,0.034,True,True
113,113,C,6.0,全館連続,1.0,0.7999999999999999,0.036000000000000004,True,True
114,114,C,6.0,全館連続,1.0,0.7999999999999999,0.038000000000000006,True,True
115,115,C,6.0,全館連続,1.0,0.7999999999999999,0.04,True,True
116,116,C,6.0,全館連続,1.0,0.7999999999999999,0.042,True,True
117,117,C,6.0,全館連続,1.0,0.7999999999999999,0.044000000000000004,True,True
118,118,C,6.0,全館連続,1.0,0.7999999999999999,0.046000000000000006,True,True
119,119,C,6.0,全館連続,1.0,0.7999999999999999,0.04800000000000001,True,True
120,120,C,6.0,全館連続,1.0,0.8999999999999999,0.002,True,False
121,121,C,6.0,全館連続,1.0,0.8999999999999999,0.004,True,False
122,122,C,6.0,全館連続,1.0,0.8999999999999999,0.006000000000000001,True,False
123,123,C,6.0,全館連続,1.0,0.8999999999999999,0.008,True,True
124,124,C,6.0,全館連続,1.0,0.8999999999999999,0.01,True,True
125,125,C,6.0,全館連続,1.0,0.8999999999999999,0.012,True,True
126,126,C,6.0,全館連続,1.0,0.8999999999999999,0.014000000000000002,True,True
127,127,C,6.0,全館連続,1.0,0.8999999999999999,0.016,True,True
128,128,C,6.0,全館連続,1.0,0.8999999999999999,0.018000000000000002,True,True
129,129,C,6.0,全館連続,1.0,0.8999999999999999,0.02,True,True
130,130,C,6.0,全館連続,1.0,0.8999999999999999,0.022000000000000002,True,True
131,131,C,6.0,全館連続,1.0,0.8999999999999999,0.024000000000000004,True,True
132,132,C,6.0,全館連続,1.0,0.8999999999999999,0.026000000000000006,True,True
133,133,C,6.0,全館連続,1.0,0.8999999999999999,0.028000000000000004,True,True
134,134,C,6.0,全館連続,1.0,0.8999999999999999,0.030000000000000006,True,True
135,135,C,6.0,全館連続,1.0,0.8999999999999999,0.032,True,True
136,136,C,6.0,全館連続,1.0,0.8999999999999999,0.034,True,True
137,137,C,6.0,全館連続,1.0,0.8999999999999999,0.036000000000000004,True,True
138,138,C,6.0,全館連続,1.0,0.8999999999999999,0.038000000000000006,True,True
139,139,C,6.0,全館連続,1.0,0.8999999999999999,0.04,True,True
140,140,C,6.0,全館連続,1.0,0.8999999999999999,0.042,True,True
141,141,C,6.0,全館連続,1.0,0.8999999999999999,0.044000000000000004,True,True
142,142,C,6.0,全館連続,1.0,0.8999999999999999,0.046000000000000006,False,True
143,143,C,6.0,全館連続,1.0,0.8999999999999999,0.04800000000000001,True,True
144,144,C,6.0,居室間歇,1.0,0.4,0.002,True,False
145,145,C,6.0,居室間歇,1.0,0.4,0.004,True,True
146,146,C,6.0,居室間歇,1.0,0.4,0.006000000000000001,True,True
147,147,C,6.0,居室間歇,1.0,0.4,0.008,True,True
148,148,C,6.0,居室間歇,1.0,0.4,0.01,True,True
149,149,C,6.0,居室間歇,1.0,0.4,0.012,True,True
150,150,C,6.0,居室間歇,1.0,0.4,0.014000000000000002,True,True
151,151,C,6.0,居室間歇,1.0,0.4,0.016,True,True
152,152,C,6.0,居室間歇,1.0,0.4,0.018000000000000002,True,True
153,153,C,6.0,居室間歇,1.0,0.4,0.02,True,True
154,154,C,6.0,居室間歇,1.0,0.4,0.022000000000000002,True,True
155,155,C,6.0,居室間歇,1.0,0.4,0.024000000000000004,True,True
156,156,C,6.0,居室間歇,1.0,0.4,0.026000000000000006,True,True
157,157,C,6.0,居室間歇,1.0,0.4,0.028000000000000004,True,True
158,158,C,6.0,居室間歇,1.0,0.4,0.030000000000000006,True,True
159,159,C,6.0,居室間歇,1.0,0.4,0.032,True,True
160,160,C,6.0,居室間歇,1.0,0.4,0.034,True,True
161,161,C,6.0,居室間歇,1.0,0.4,0.036000000000000004,True,True
162,162,C,6.0,居室間歇,1.0,0.4,0.038000000000000006,True,True
163,163,C,6.0,居室間歇,1.0,0.4,0.04,True,True
164,164,C,6.0,居室間歇,1.0,0.4,0.042,True,True
165,165,C,6.0,居室間歇,1.0,0.4,0.044000000000000004,True,True
166,166,C,6.0,居室間歇,1.0,0.4,0.046000000000000006,True,True
167,167,C,6.0,居室間歇,1.0,0.4,0.04800000000000001,True,True
168,168,C,6.0,居室間歇,1.0,0.5,0.002,True,False
169,169,C,6.0,居室間歇,1.0,0.5,0.004,True,True
170,170,C,6.0,居室間歇,1.0,0.5,0.006000000000000001,True,True
171,171,C,6.0,居室間歇,1.0,0.5,0.008,True,True
172,172,C,6.0,居室間歇,1.0,0.5,0.01,True,True
173,173,C,6.0,居室間歇,1.0,0.5,0.012,True,True
174,174,C,6.0,居室間歇,1.0,0.5,0.014000000000000002,True,True
175,175,C,6.0,居室間歇,1.0,0.5,0.016,True,True
176,176,C,6.0,居室間歇,1.0,0.5,0.018000000000000002,True,True
177,177,C,6.0,居室間歇,1.0,0.5,0.02,True,True
178,178,C,6.0,居室間歇,1.0,0.5,0.022000000000000002,True,True
179,179,C,6.0,居室間歇,1.0,0.5,0.024000000000000004,True,True
180,180,C,6.0,居室間歇,1.0,0.5,0.026000000000000006,True,True
181,181,C,6.0,居室間歇,1.0,0.5,0.028000000000000004,True,True
182,182,C,6.0,居室間歇,1.0,0.5,0.030000000000000006,True,True
183,183,C,6.0,居室間歇,1.0,0.5,0.032,True,True
184,184,C,6.0,居室間歇,1.0,0.5,0.034,True,True
185,185,C,6.0,居室間歇,1.0,0.5,0.036000000000000004,True,True
186,186,C,6.0,居室間歇,1.0,0.5,0.038000000000000006,True,True
187,187,C,6.0,居室間歇,1.0,0.5,0.04,True,True
188,188,C,6.0,居室間歇,1.0,0.5,0.042,True,True
189,189,C,6.0,居室間歇,1.0,0.5,0.044000000000000004,True,True
190,190,C,6.0,居室間歇,1.0,0.5,0.046000000000000006,True,True
191,191,C,6.0,居室間歇,1.0,0.5,0.04800000000000001,True,True
192,192,C,6.0,居室間歇,1.0,0.6,0.002,True,False
193,193,C,6.0,居室間歇,1.0,0.6,0.004,True,False
194,194,C,6.0,居室間歇,1.0,0.6,0.006000000000000001,True,True
195,195,C,6.0,居室間歇,1.0,0.6,0.008,True,True
196,196,C,6.0,居室間歇,1.0,0.6,0.01,True,True
197,197,C,6.0,居室間歇,1.0,0.6,0.012,True,True
198,198,C,6.0,居室間歇,1.0,0.6,0.014000000000000002,True,True
199,199,C,6.0,居室間歇,1.0,0.6,0.016,True,True
200,200,C,6.0,居室間歇,1.0,0.6,0.018000000000000002,True,True
201,201,C,6.0,居室間歇,1.0,0.6,0.02,True,True
202,202,C,6.0,居室間歇,1.0,0.6,0.022000000000000002,True,True
203,203,C,6.0,居室間歇,1.0,0.6,0.024000000000000004,True,True
204,204,C,6.0,居室間歇,1.0,0.6,0.026000000000000006,True,True
205,205,C,6.0,居室間歇,1.0,0.6,0.028000000000000004,True,True
206,206,C,6.0,居室間歇,1.0,0.6,0.030000000000000006,True,True
207,207,C,6.0,居室間歇,1.0,0.6,0.032,True,True
208,208,C,6.0,居室間歇,1.0,0.6,0.034,True,True
209,209,C,6.0,居室間歇,1.0,0.6,0.036000000000000004,True,True
210,210,C,6.0,居室間歇,1.0,0.6,0.038000000000000006,True,True
211,211,C,6.0,居室間歇,1.0,0.6,0.04,True,True
212,212,C,6.0,居室間歇,1.0,0.6,0.042,True,True
213,213,C,6.0,居室間歇,1.0,0.6,0.044000000000000004,True,True
214,214,C,6.0,居室間歇,1.0,0.6,0.046000000000000006,True,True
215,215,C,6.0,居室間歇,1.0,0.6,0.04800000000000001,True,True
216,216,C,6.0,居室間歇,1.0,0.7,0.002,True,False
217,217,C,6.0,居室間歇,1.0,0.7,0.004,True,False
218,218,C,6.0,居室間歇,1.0,0.7,0.006000000000000001,True,True
219,219,C,6.0,居室間歇,1.0,0.7,0.008,True,True
220,220,C,6.0,居室間歇,1.0,0.7,0.01,True,True
221,221,C,6.0,居室間歇,1.0,0.7,0.012,True,True
222,222,C,6.0,居室間歇,1.0,0.7,0.014000000000000002,True,True
223,223,C,6.0,居室間歇,1.0,0.7,0.016,True,True
224,224,C,6.0,居室間歇,1.0,0.7,0.018000000000000002,True,True
225,225,C,6.0,居室間歇,1.0,0.7,0.02,True,True
226,226,C,6.0,居室間歇,1.0,0.7,0.022000000000000002,True,True
227,227,C,6.0,居室間歇,1.0,0.7,0.024000000000000004,True,True
228,228,C,6.0,居室間歇,1.0,0.7,0.026000000000000006,True,True
229,229,C,6.0,居室間歇,1.0,0.7,0.028000000000000004,True,True
230,230,C,6.0,居室間歇,1.0,0.7,0.030000000000000006,True,True
231,231,C,6.0,居室間歇,1.0,0.7,0.032,True,True
232,232,C,6.0,居室間歇,1.0,0.7,0.034,True,True
233,233,C,6.0,居室間歇,1.0,0.7,0.036000000000000004,True,True
234,234,C,6.0,居室間歇,1.0,0.7,0.038000000000000006,True,True
235,235,C,6.0,居室間歇,1.0,0.7,0.04,True,True
236,236,C,6.0,居室間歇,1.0,0.7,0.042,True,True
237,237,C,6.0,居室間歇,1.0,0.7,0.044000000000000004,True,True
238,238,C,6.0,居室間歇,1.0,0.7,0.046000000000000006,True,True
239,239,C,6.0,居室間歇,1.0,0.7,0.04800000000000001,True,True
240,240,C,6.0,居室間歇,1.0,0.7999999999999999,0.002,True,False
241,241,C,6.0,居室間歇,1.0,0.7999999999999999,0.004,True,False
242,242,C,6.0,居室間歇,1.0,0.7999999999999999,0.006000000000000001,True,True
243,243,C,6.0,居室間歇,1.0,0.7999999999999999,0.008,True,True
244,244,C,6.0,居室間歇,1.0,0.7999999999999999,0.01,True,True
245,245,C,6.0,居室間歇,1.0,0.7999999999999999,0.012,True,True
246,246,C,6.0,居室間歇,1.0,0.7999999999999999,0.014000000000000002,True,True
247,247,C,6.0,居室間歇,1.0,0.7999999999999999,0.016,True,True
248,248,C,6.0,居室間歇,1.0,0.7999999999999999,0.018000000000000002,True,True
249,249,C,6.0,居室間歇,1.0,0.7999999999999999,0.02,True,True
250,250,C,6.0,居室間歇,1.0,0.7999999999999999,0.022000000000000002,True,True
251,251,C,6.0,居室間歇,1.0,0.7999999999999999,0.024000000000000004,True,True
252,252,C,6.0,居室間歇,1.0,0.7999999999999999,0.026000000000000006,True,True
253,253,C,6.0,居室間歇,1.0,0.7999999999999999,0.028000000000000004,True,True
254,254,C,6.0,居室間歇,1.0,0.7999999999999999,0.030000000000000006,True,True
255,255,C,6.0,居室間歇,1.0,0.7999999999999999,0.032,True,True
256,256,C,6.0,居室間歇,1.0,0.7999999999999999,0.034,True,True
257,257,C,6.0,居室間歇,1.0,0.7999999999999999,0.036000000000000004,True,True
258,258,C,6.0,居室間歇,1.0,0.7999999999999999,0.038000000000000006,True,True
259,259,C,6.0,居室間歇,1.0,0.7999999999999999,0.04,True,True
260,260,C,6.0,居室間歇,1.0,0.7999999999999999,0.042,True,True
261,261,C,6.0,居室間歇,1.0,0.7999999999999999,0.044000000000000004,True,True
262,262,C,6.0,居室間歇,1.0,0.7999999999999999,0.046000000000000006,True,True
263,263,C,6.0,居室間歇,1.0,0.7999999999999999,0.04800000000000001,True,True
264,264,C,6.0,居室間歇,1.0,0.8999999999999999,0.002,True,False
265,265,C,6.0,居室間歇,1.0,0.8999999999999999,0.004,True,False
266,266,C,6.0,居室間歇,1.0,0.8999999999999999,0.006000000000000001,True,False
267,267,C,6.0,居室間歇,1.0,0.8999999999999999,0.008,True,True
268,268,C,6.0,居室間歇,1.0,0.8999999999999999,0.01,True,True
269,269,C,6.0,居室間歇,1.0,0.8999999999999999,0.012,True,True
270,270,C,6.0,居室間歇,1.0,0.8999999999999999,0.014000000000000002,True,True
271,271,C,6.0,居室間歇,1.0,0.8999999999999999,0.016,True,True
272,272,C,6.0,居室間歇,1.0,0.8999999999999999,0.018000000000000002,True,True
273,273,C,6.0,居室間歇,1.0,0.8999999999999999,0.02,True,True
274,274,C,6.0,居室間歇,1.0,0.8999999999999999,0.022000000000000002,True,True
275,275,C,6.0,居室間歇,1.0,0.8999999999999999,0.024000000000000004,True,True
276,276,C,6.0,居室間歇,1.0,0.8999999999999999,0.026000000000000006,True,True
277,277,C,6.0,居室間歇,1.0,0.8999999999999999,0.028000000000000004,True,True
278,278,C,6.0,居室間歇,1.0,0.8999999999999999,0.030000000000000006,True,True
279,279,C,6.0,居室間歇,1.0,0.8999999999999999,0.032,True,True
280,280,C,6.0,居室間歇,1.0,0.8999999999999999,0.034,True,True
281,281,C,6.0,居室間歇,1.0,0.8999999999999999,0.036000000000000004,True,True
282,282,C,6.0,居室間歇,1.0,0.8999999999999999,0.038000000000000006,True,True
283,283,C,6.0,居室間歇,1.0,0.8999999999999999,0.04,True,True
284,284,C,6.0,居室間歇,1.0,0.8999999999999999,0.042,True,True
285,285,C,6.0,居室間歇,1.0,0.8999999999999999,0.044000000000000004,True,True
286,286,C,6.0,居室間歇,1.0,0.8999999999999999,0.046000000000000006,False,True
287,287,C,6.0,居室間歇,1.0,0.8999999999999999,0.04800000000000001,True,True
288,288,H,6.0,全館連続,1.0,0.4,0.002,True,False
289,289,H,6.0,全館連続,1.0,0.4,0.004,True,True
290,290,H,6.0,全館連続,1.0,0.4,0.006000000000000001,True,True
291,291,H,6.0,全館連続,1.0,0.4,0.008,True,True
292,292,H,6.0,全館連続,1.0,0.4,0.01,True,True
293,293,H,6.0,全館連続,1.0,0.4,0.012,True,True
294,294,H,6.0,全館連続,1.0,0.4,0.014000000000000002,True,True
295,295,H,6.0,全館連続,1.0,0.4,0.016,True,True
296,296,H,6.0,全館連続,1.0,0.4,0.018000000000000002,True,True
297,297,H,6.0,全館連続,1.0,0.4,0.02,True,True
298,298,H,6.0,全館連続,1.0,0.4,0.022000000000000002,True,True
299,299,H,6.0,全館連続,1.0,0.4,0.024000000000000004,True,True
300,300,H,6.0,全館連続,1.0,0.4,0.026000000000000006,True,True
301,301,H,6.0,全館連続,1.0,0.4,0.028000000000000004,True,True
302,302,H,6.0,全館連続,1.0,0.4,0.030000000000000006,True,True
303,303,H,6.0,全館連続,1.0,0.4,0.032,True,True
304,304,H,6.0,全館連続,1.0,0.4,0.034,True,True
305,305,H,6.0,全館連続,1.0,0.4,0.036000000000000004,True,True
306,306,H,6.0,全館連続,1.0,0.4,0.038000000000000006,True,True
307,307,H,6.0,全館連続,1.0,0.4,0.04,True,True
308,308,H,6.0,全館連続,1.0,0.4,0.042,True,True
309,309,H,6.0,全館連続,1.0,0.4,0.044000000000000004,True,True
310,310,H,6.0,全館連続,1.0,0.4,0.046000000000000006,True,True
311,311,H,6.0,全館連続,1.0,0.4,0.04800000000000001,True,True
312,312,H,6.0,全館連続,1.0,0.5,0.002,True,False
313,313,H,6.0,全館連続,1.0,0.5,0.004,True,False
314,314,H,6.0,全館連続,1.0,0.5,0.006000000000000001,True,True
315,315,H,6.0,全館連続,1.0,0.5,0.008,True,True
316,316,H,6.0,全館連続,1.0,0.5,0.01,True,True
317,317,H,6.0,全館連続,1.0,0.5,0.012,True,True
318,318,H,6.0,全館連続,1.0,0.5,0.014000000000000002,True,True
319,319,H,6.0,全館連続,1.0,0.5,0.016,True,True
320,320,H,6.0,全館連続,1.0,0.5,0.018000000000000002,True,True
321,321,H,6.0,全館連続,1.0,0.5,0.02,True,True
322,322,H,6.0,全館連続,1.0,0.5,0.022000000000000002,True,True
323,323,H,6.0,全館連続,1.0,0.5,0.024000000000000004,True,True
324,324,H,6.0,全館連続,1.0,0.5,0.026000000000000006,True,True
325,325,H,6.0,全館連続,1.0,0.5,0.028000000000000004,True,True
326,326,H,6.0,全館連続,1.0,0.5,0.030000000000000006,True,True
327,327,H,6.0,全館連続,1.0,0.5,0.032,True,True
328,328,H,6.0,全館連続,1.0,0.5,0.034,True,True
329,329,H,6.0,全館連続,1.0,0.5,0.036000000000000004,True,True
330,330,H,6.0,全館連続,1.0,0.5,0.038000000000000006,True,True
331,331,H,6.0,全館連続,1.0,0.5,0.04,True,True
332,332,H,6.0,全館連続,1.0,0.5,0.042,True,True
333,333,H,6.0,全館連続,1.0,0.5,0.044000000000000004,True,True
334,334,H,6.0,全館連続,1.0,0.5,0.046000000000000006,True,True
335,335,H,6.0,全館連続,1.0,0.5,0.04800000000000001,True,True
336,336,H,6.0,全館連続,1.0,0.6,0.002,True,False
337,337,H,6.0,全館連続,1.0,0.6,0.004,True,False
338,338,H,6.0,全館連続,1.0,0.6,0.006000000000000001,True,True
339,339,H,6.0,全館連続,1.0,0.6,0.008,True,True
340,340,H,6.0,全館連続,1.0,0.6,0.01,True,True
341,341,H,6.0,全館連続,1.0,0.6,0.012,True,True
342,342,H,6.0,全館連続,1.0,0.6,0.014000000000000002,True,True
343,343,H,6.0,全館連続,1.0,0.6,0.016,True,True
344,344,H,6.0,全館連続,1.0,0.6,0.018000000000000002,True,True
345,345,H,6.0,全館連続,1.0,0.6,0.02,True,True
346,346,H,6.0,全館連続,1.0,0.6,0.022000000000000002,True,True
347,347,H,6.0,全館連続,1.0,0.6,0.024000000000000004,True,True
348,348,H,6.0,全館連続,1.0,0.6,0.026000000000000006,True,True
349,349,H,6.0,全館連続,1.0,0.6,0.028000000000000004,True,True
350,350,H,6.0,全館連続,1.0,0.6,0.030000000000000006,True,True
351,351,H,6.0,全館連続,1.0,0.6,0.032,True,True
352,352,H,6.0,全館連続,1.0,0.6,0.034,True,True
353,353,H,6.0,全館連続,1.0,0.6,0.036000000000000004,True,True
354,354,H,6.0,全館連続,1.0,0.6,0.038000000000000006,True,True
355,355,H,6.0,全館連続,1.0,0.6,0.04,True,True
356,356,H,6.0,全館連続,1.0,0.6,0.042,True,True
357,357,H,6.0,全館連続,1.0,0.6,0.044000000000000004,True,True
358,358,H,6.0,全館連続,1.0,0.6,0.046000000000000006,True,True
359,359,H,6.0,全館連続,1.0,0.6,0.04800000000000001,True,True
360,360,H,6.0,全館連続,1.0,0.7,0.002,True,False
361,361,H,6.0,全館連続,1.0,0.7,0.004,True,False
362,362,H,6.0,全館連続,1.0,0.7,0.006000000000000001,True,True
363,363,H,6.0,全館連続,1.0,0.7,0.008,True,True
364,364,H,6.0,全館連続,1.0,0.7,0.01,True,True
365,365,H,6.0,全館連続,1.0,0.7,0.012,True,True
366,366,H,6.0,全館連続,1.0,0.7,0.014000000000000002,True,True
367,367,H,6.0,全館連続,1.0,0.7,0.016,True,True
368,368,H,6.0,全館連続,1.0,0.7,0.018000000000000002,True,True
369,369,H,6.0,全館連続,1.0,0.7,0.02,True,True
370,370,H,6.0,全館連続,1.0,0.7,0.022000000000000002,True,True
371,371,H,6.0,全館連続,1.0,0.7,0.024000000000000004,True,True
372,372,H,6.0,全館連続,1.0,0.7,0.026000000000000006,True,True
373,373,H,6.0,全館連続,1.0,0.7,0.028000000000000004,True,True
374,374,H,6.0,全館連続,1.0,0.7,0.030000000000000006,True,True
375,375,H,6.0,全館連続,1.0,0.7,0.032,True,True
376,376,H,6.0,全館連続,1.0,0.7,0.034,True,True
377,377,H,6.0,全館連続,1.0,0.7,0.036000000000000004,True,True
378,378,H,6.0,全館連続,1.0,0.7,0.038000000000000006,True,True
379,379,H,6.0,全館連続,1.0,0.7,0.04,True,True
380,380,H,6.0,全館連続,1.0,0.7,0.042,True,True
381,381,H,6.0,全館連続,1.0,0.7,0.044000000000000004,True,True
382,382,H,6.0,全館連続,1.0,0.7,0.046000000000000006,True,True
383,383,H,6.0,全館連続,1.0,0.7,0.04800000000000001,True,True
384,384,H,6.0,全館連続,1.0,0.7999999999999999,0.002,True,False
385,385,H,6.0,全館連続,1.0,0.7999999999999999,0.004,True,False
386,386,H,6.0,全館連続,1.0,0.7999999999999999,0.006000000000000001,True,False
387,387,H,6.0,全館連続,1.0,0.7999999999999999,0.008,True,True
388,388,H,6.0,全館連続,1.0,0.7999999999999999,0.01,True,True
389,389,H,6.0,全館連続,1.0,0.7999999999999999,0.012,True,True
390,390,H,6.0,全館連続,1.0,0.7999999999999999,0.014000000000000002,True,True
391,391,H,6.0,全館連続,1.0,0.7999999999999999,0.016,True,True
392,392,H,6.0,全館連続,1.0,0.7999999999999999,0.018000000000000002,True,True
393,393,H,6.0,全館連続,1.0,0.7999999999999999,0.02,True,True
394,394,H,6.0,全館連続,1.0,0.7999999999999999,0.022000000000000002,True,True
395,395,H,6.0,全館連続,1.0,0.7999999999999999,0.024000000000000004,True,True
396,396,H,6.0,全館連続,1.0,0.7999999999999999,0.026000000000000006,True,True
397,397,H,6.0,全館連続,1.0,0.7999999999999999,0.028000000000000004,True,True
398,398,H,6.0,全館連続,1.0,0.7999999999999999,0.030000000000000006,True,True
399,399,H,6.0,全館連続,1.0,0.7999999999999999,0.032,True,True
400,400,H,6.0,全館連続,1.0,0.7999999999999999,0.034,True,True
401,401,H,6.0,全館連続,1.0,0.7999999999999999,0.036000000000000004,True,True
402,402,H,6.0,全館連続,1.0,0.7999999999999999,0.038000000000000006,True,True
403,403,H,6.0,全館連続,1.0,0.7999999999999999,0.04,True,True
404,404,H,6.0,全館連続,1.0,0.7999999999999999,0.042,True,True
405,405,H,6.0,全館連続,1.0,0.7999999999999999,0.044000000000000004,True,True
406,406,H,6.0,全館連続,1.0,0.7999999999999999,0.046000000000000006,True,True
407,407,H,6.0,全館連続,1.0,0.7999999999999999,0.04800000000000001,True,True
408,408,H,6.0,全館連続,1.0,0.8999999999999999,0.002,True,False
409,409,H,6.0,全館連続,1.0,0.8999999999999999,0.004,True,False
410,410,H,6.0,全館連続,1.0,0.8999999999999999,0.006000000000000001,True,False
411,411,H,6.0,全館連続,1.0,0.8999999999999999,0.008,True,True
412,412,H,6.0,全館連続,1.0,0.8999999999999999,0.01,True,True
413,413,H,6.0,全館連続,1.0,0.8999999999999999,0.012,True,True
414,414,H,6.0,全館連続,1.0,0.8999999999999999,0.014000000000000002,True,True
415,415,H,6.0,全館連続,1.0,0.8999999999999999,0.016,True,True
416,416,H,6.0,全館連続,1.0,0.8999999999999999,0.018000000000000002,True,True
417,417,H,6.0,全館連続,1.0,0.8999999999999999,0.02,True,True
418,418,H,6.0,全館連続,1.0,0.8999999999999999,0.022000000000000002,True,True
419,419,H,6.0,全館連続,1.0,0.8999999999999999,0.024000000000000004,True,True
420,420,H,6.0,全館連続,1.0,0.8999999999999999,0.026000000000000006,True,True
421,421,H,6.0,全館連続,1.0,0.8999999999999999,0.028000000000000004,True,True
422,422,H,6.0,全館連続,1.0,0.8999999999999999,0.030000000000000006,True,True
423,423,H,6.0,全館連続,1.0,0.8999999999999999,0.032,True,True
424,424,H,6.0,全館連続,1.0,0.8999999999999999,0.034,True,True
425,425,H,6.0,全館連続,1.0,0.8999999999999999,0.036000000000000004,True,True
426,426,H,6.0,全館連続,1.0,0.8999999999999999,0.038000000000000006,True,True
427,427,H,6.0,全館連続,1.0,0.8999999999999999,0.04,True,True
428,428,H,6.0,全館連続,1.0,0.8999999999999999,0.042,True,True
429,429,H,6.0,全館連続,1.0,0.8999999999999999,0.044000000000000004,True,True
430,430,H,6.0,全館連続,1.0,0.8999999999999999,0.046000000000000006,True,True
431,431,H,6.0,全館連続,1.0,0.8999999999999999,0.04800000000000001,True,True
432,432,H,6.0,居室間歇,1.0,0.4,0.002,True,False
433,433,H,6.0,居室間歇,1.0,0.4,0.004,True,True
434,434,H,6.0,居室間歇,1.0,0.4,0.006000000000000001,True,True
435,435,H,6.0,居室間歇,1.0,0.4,0.008,True,True
436,436,H,6.0,居室間歇,1.0,0.4,0.01,True,True
437,437,H,6.0,居室間歇,1.0,0.4,0.012,True,True
438,438,H,6.0,居室間歇,1.0,0.4,0.014000000000000002,True,True
439,439,H,6.0,居室間歇,1.0,0.4,0.016,True,True
440,440,H,6.0,居室間歇,1.0,0.4,0.018000000000000002,True,True
441,441,H,6.0,居室間歇,1.0,0.4,0.02,True,True
442,442,H,6.0,居室間歇,1.0,0.4,0.022000000000000002,True,True
443,443,H,6.0,居室間歇,1.0,0.4,0.024000000000000004,True,True
444,444,H,6.0,居室間歇,1.0,0.4,0.026000000000000006,True,True
445,445,H,6.0,居室間歇,1.0,0.4,0.028000000000000004,True,True
446,446,H,6.0,居室間歇,1.0,0.4,0.030000000000000006,True,True
447,447,H,6.0,居室間歇,1.0,0.4,0.032,True,True
448,448,H,6.0,居室間歇,1.0,0.4,0.034,True,True
449,449,H,6.0,居室間歇,1.0,0.4,0.036000000000000004,True,True
450,450,H,6.0,居室間歇,1.0,0.4,0.038000000000000006,True,True
451,451,H,6.0,居室間歇,1.0,0.4,0.04,True,True
452,452,H,6.0,居室間歇,1.0,0.4,0.042,True,True
453,453,H,6.0,居室間歇,1.0,0.4,0.044000000000000004,True,True
454,454,H,6.0,居室間歇,1.0,0.4,0.046000000000000006,True,True
455,455,H,6.0,居室間歇,1.0,0.4,0.04800000000000001,True,True
456,456,H,6.0,居室間歇,1.0,0.5,0.002,True,False
457,457,H,6.0,居室間歇,1.0,0.5,0.004,True,False
458,458,H,6.0,居室間歇,1.0,0.5,0.006000000000000001,True,True
459,459,H,6.0,居室間歇,1.0,0.5,0.008,True,True
460,460,H,6.0,居室間歇,1.0,0.5,0.01,True,True
461,461,H,6.0,居室間歇,1.0,0.5,0.012,True,True
462,462,H,6.0,居室間歇,1.0,0.5,0.014000000000000002,True,True
463,463,H,6.0,居室間歇,1.0,0.5,0.016,True,True
464,464,H,6.0,居室間歇,1.0,0.5,0.018000000000000002,True,True
465,465,H,6.0,居室間歇,1.0,0.5,0.02,True,True
466,466,H,6.0,居室間歇,1.0,0.5,0.022000000000000002,True,True
467,467,H,6.0,居室間歇,1.0,0.5,0.024000000000000004,True,True
468,468,H,6.0,居室間歇,1.0,0.5,0.026000000000000006,True,True
469,469,H,6.0,居室間歇,1.0,0.5,0.028000000000000004,True,True
470,470,H,6.0,居室間歇,1.0,0.5,0.030000000000000006,True,True
471,471,H,6.0,居室間歇,1.0,0.5,0.032,True,True
472,472,H,6.0,居室間歇,1.0,0.5,0.034,True,True
473,473,H,6.0,居室間歇,1.0,0.5,0.036000000000000004,True,True
474,474,H,6.0,居室間歇,1.0,0.5,0.038000000000000006,True,True
475,475,H,6.0,居室間歇,1.0,0.5,0.04,True,True
476,476,H,6.0,居室間歇,1.0,0.5,0.042,True,True
477,477,H,6.0,居室間歇,1.0,0.5,0.044000000000000004,True,True
478,478,H,6.0,居室間歇,1.0,0.5,0.046000000000000006,True,True
479,479,H,6.0,居室間歇,1.0,0.5,0.04800000000000001,True,True
480,480,H,6.0,居室間歇,1.0,0.6,0.002,True,False
481,481,H,6.0,居室間歇,1.0,0.6,0.004,True,False
482,482,H,6.0,居室間歇,1.0,0.6,0.006000000000000001,True,True
483,483,H,6.0,居室間歇,1.0,0.6,0.008,True,True
484,484,H,6.0,居室間歇,1.0,0.6,0.01,True,True
485,485,H,6.0,居室間歇,1.0,0.6,0.012,True,True
486,486,H,6.0,居室間歇,1.0,0.6,0.014000000000000002,True,True
487,487,H,6.0,居室間歇,1.0,0.6,0.016,True,True
488,488,H,6.0,居室間歇,1.0,0.6,0.018000000000000002,True,True
489,489,H,6.0,居室間歇,1.0,0.6,0.02,True,True
490,490,H,6.0,居室間歇,1.0,0.6,0.022000000000000002,True,True
491,491,H,6.0,居室間歇,1.0,0.6,0.024000000000000004,True,True
492,492,H,6.0,居室間歇,1.0,0.6,0.026000000000000006,True,True
493,493,H,6.0,居室間歇,1.0,0.6,0.028000000000000004,True,True
494,494,H,6.0,居室間歇,1.0,0.6,0.030000000000000006,True,True
495,495,H,6.0,居室間歇,1.0,0.6,0.032,True,True
496,496,H,6.0,居室間歇,1.0,0.6,0.034,True,True
497,497,H,6.0,居室間歇,1.0,0.6,0.036000000000000004,True,True
498,498,H,6.0,居室間歇,1.0,0.6,0.038000000000000006,True,True
499,499,H,6.0,居室間歇,1.0,0.6,0.04,True,True
500,500,H,6.0,居室間歇,1.0,0.6,0.042,True,True
501,501,H,6.0,居室間歇,1.0,0.6,0.044000000000000004,True,True
502,502,H,6.0,居室間歇,1.0,0.6,0.046000000000000006,True,True
503,503,H,6.0,居室間歇,1.0,0.6,0.04800000000000001,True,True
504,504,H,6.0,居室間歇,1.0,0.7,0.002,True,False
505,505,H,6.0,居室間歇,1.0,0.7,0.004,True,False
506,506,H,6.0,居室間歇,1.0,0.7,0.006000000000000001,True,True
507,507,H,6.0,居室間歇,1.0,0.7,0.008,True,True
508,508,H,6.0,居室間歇,1.0,0.7,0.01,True,True
509,509,H,6.0,居室間歇,1.0,0.7,0.012,True,True
510,510,H,6.0,居室間歇,1.0,0.7,0.014000000000000002,True,True
511,511,H,6.0,居室間歇,1.0,0.7,0.016,True,True
512,512,H,6.0,居室間歇,1.0,0.7,0.018000000000000002,True,True
513,513,H,6.0,居室間歇,1.0,0.7,0.02,True,True
514,514,H,6.0,居室間歇,1.0,0.7,0.022000000000000002,True,True
515,515,H,6.0,居室間歇,1.0,0.7,0.024000000000000004,True,True
516,516,H,6.0,居室間歇,1.0,0.7,0.026000000000000006,True,True
517,517,H,6.0,居室間歇,1.0,0.7,0.028000000000000004,True,True
518,518,H,6.0,居室間歇,1.0,0.7,0.030000000000000006,True,True
519,519,H,6.0,居室間歇,1.0,0.7,0.032,True,True
520,520,H,6.0,居室間歇,1.0,0.7,0.034,True,True
521,521,H,6.0,居室間歇,1.0,0.7,0.036000000000000004,True,True
522,522,H,6.0,居室間歇,1.0,0.7,0.038000000000000006,True,True
523,523,H,6.0,居室間歇,1.0,0.7,0.04,True,True
524,524,H,6.0,居室間歇,1.0,0.7,0.042,True,True
525,525,H,6.0,居室間歇,1.0,0.7,0.044000000000000004,True,True
526,526,H,6.0,居室間歇,1.0,0.7,0.046000000000000006,True,True
527,527,H,6.0,居室間歇,1.0,0.7,0.04800000000000001,True,True
528,528,H,6.0,居室間歇,1.0,0.7999999999999999,0.002,True,False
529,529,H,6.0,居室間歇,1.0,0.7999999999999999,0.004,True,False
530,530,H,6.0,居室間歇,1.0,0.7999999999999999,0.006000000000000001,True,False
531,531,H,6.0,居室間歇,1.0,0.7999999999999999,0.008,True,True
532,532,H,6.0,居室間歇,1.0,0.7999999999999999,0.01,True,True
533,533,H,6.0,居室間歇,1.0,0.7999999999999999,0.012,True,True
534,534,H,6.0,居室間歇,1.0,0.7999999999999999,0.014000000000000002,True,True
535,535,H,6.0,居室間歇,1.0,0.7999999999999999,0.016,True,True
536,536,H,6.0,居室間歇,1.0,0.7999999999999999,0.018000000000000002,True,True
537,537,H,6.0,居室間歇,1.0,0.7999999999999999,0.02,True,True
538,538,H,6.0,居室間歇,1.0,0.7999999999999999,0.022000000000000002,True,True
539,539,H,6.0,居室間歇,1.0,0.7999999999999999,0.024000000000000004,True,True
540,540,H,6.0,居室間歇,1.0,0.7999999999999999,0.026000000000000006,True,True
541,541,H,6.0,居室間歇,1.0,0.7999999999999999,0.028000000000000004,True,True
542,542,H,6.0,居室間歇,1.0,0.7999999999999999,0.030000000000000006,True,True
543,543,H,6.0,居室間歇,1.0,0.7999999999999999,0.032,True,True
544,544,H,6.0,居室間歇,1.0,0.7999999999999999,0.034,True,True
545,545,H,6.0,居室間歇,1.0,0.7999999999999999,0.036000000000000004,True,True
546,546,H,6.0,居室間歇,1.0,0.7999999999999999,0.038000000000000006,True,True
547,547,H,6.0,居室間歇,1.0,0.7999999999999999,0.04,True,True
548,548,H,6.0,居室間歇,1.0,0.7999999999999999,0.042,True,True
549,549,H,6.0,居室間歇,1.0,0.7999999999999999,0.044000000000000004,True,True
550,550,H,6.0,居室間歇,1.0,0.7999999999999999,0.046000000000000006,True,True
551,551,H,6.0,居室間歇,1.0,0.7999999999999999,0.04800000000000001,True,True
552,552,H,6.0,居室間歇,1.0,0.8999999999999999,0.002,True,False
553,553,H,6.0,居室間歇,1.0,0.8999999999999999,0.004,True,False
554,554,H,6.0,居室間歇,1.0,0.8999999999999999,0.006000000000000001,True,False
555,555,H,6.0,居室間歇,1.0,0.8999999999999999,0.008,True,True
556,556,H,6.0,居室間歇,1.0,0.8999999999999999,0.01,True,True
557,557,H,6.0,居室間歇,1.0,0.8999999999999999,0.012,True,True
558,558,H,6.0,居室間歇,1.0,0.8999999999999999,0.014000000000000002,True,True
559,559,H,6.0,居室間歇,1.0,0.8999999999999999,0.016,True,True
560,560,H,6.0,居室間歇,1.0,0.8999999999999999,0.018000000000000002,True,True
561,561,H,6.0,居室間歇,1.0,0.8999999999999999,0.02,True,True
562,562,H,6.0,居室間歇,1.0,0.8999999999999999,0.022000000000000002,True,True
563,563,H,6.0,居室間歇,1.0,0.8999999999999999,0.024000000000000004,True,True
564,564,H,6.0,居室間歇,1.0,0.8999999999999999,0.026000000000000006,True,True
565,565,H,6.0,居室間歇,1.0,0.8999999999999999,0.028000000000000004,True,True
566,566,H,6.0,居室間歇,1.0,0.8999999999999999,0.030000000000000006,True,True
567,567,H,6.0,居室間歇,1.0,0.8999999999999999,0.032,True,True
568,568,H,6.0,居室間歇,1.0,0.8999999999999999,0.034,True,True
569,569,H,6.0,居室間歇,1.0,0.8999999999999999,0.036000000000000004,True,True
570,570,H,6.0,居室間歇,1.0,0.8999999999999999,0.038000000000000006,True,True
571,571,H,6.0,居室間歇,1.0,0.8999999999999999,0.04,True,True
572,572,H,6.0,居室間歇,1.0,0.8999999999999999,0.042,True,True
573,573,H,6.0,居室間歇,1.0,0.8999999999999999,0.044000000000000004,True,True
574,574,H,6.0,居室間歇,1.0,0.8999999999999999,0.046000000000000006,True,True
575,575,H,6.0,居室間歇,1.0,0.8999999999999999,0.04800000000000001,True,True
